{"cameraMode":{"drawMode":0,"name":"Shaded","section":"Shading Mode"},"sceneLighting":false,"audioPlay":false,"sceneViewState":{"showFog":true,"showMaterialUpdate":true,"showSkybox":false,"showFlares":true,"showImageEffects":true,"showParticleSystems":true},"in2DMode":false,"pivot":{"x":-7.450580596923828e-9,"y":0.3100000023841858,"z":0.009999997913837433},"rotation":{"x":0.3676508069038391,"y":-0.009204219095408917,"z":0.0036406423896551134,"w":0.929914653301239},"size":1.8841078281402588,"orthographic":false}