{"cameraMode":{"drawMode":0,"name":"Shaded","section":"Shading Mode"},"sceneLighting":false,"audioPlay":false,"sceneViewState":{"showFog":true,"showMaterialUpdate":true,"showSkybox":true,"showFlares":true,"showImageEffects":true,"showParticleSystems":true},"in2DMode":false,"pivot":{"x":-13.826735496520996,"y":-55.43303680419922,"z":207.3772430419922},"rotation":{"x":0.12119899690151215,"y":0.00655332300812006,"z":-0.0007984561379998922,"w":0.9926112294197083},"size":128.44064331054688,"orthographic":false}